{
    "top_gainers": {
        "8306.T": 1.8620508785732959,
        "9432.T": 1.446285225656152,
        "6758.T": 1.1269276393831573,
        "7203.T": 0.9107142857142758,
        "9984.T": -3.57142857142857
    },
    "top_losers": {
        "9984.T": -3.57142857142857,
        "7203.T": 0.9107142857142758,
        "6758.T": 1.1269276393831573,
        "9432.T": 1.446285225656152,
        "8306.T": 1.8620508785732959
    }
}